CHROMOSOME	COORDS	USER_BASE	USER_VARIANT	ENSEMBL_BASE	VEP_CODING_BASE	GENE	GENE_ACC	REFSEQ_GENE_ACC	TRANSCRIPT	REFSEQ_TRANSCRIPT	HGVS_C	HGVS_P	STRAND_DIR	CODON_CHANGE	VEP_AA	UNIPROT_AA	AA_CHANGE	POLYPHEN_SCORE	SIFTS_SCORE	CADD_PHRED	CADD_RAW	CADD_MARK	UNIPROT_ACCESSION	PROTEIN_NAME	SEQ_NO	CHANGE_TYPE	ALL_TRANSCRIPTS	NOTE	GNOMAD_ALLELE_FREQ	NEGATIVE	USER_ID	SYNONYMOUS	HAVE_PDB	PDB_UNIPROT_MATCH	CLOSEST_PDB_CODE	PDB_CHAIN	PDB_PROTEIN_NAME	PDB_EXPT_TYPE	PDB_RESOLUTION	PDB_RFACT	PDB_UNIPROT_ACC	PDB_IDENTITY	PDB_SW_SCORE	PDB_E_VALUE	RES_NAME	RES_NUM	SST	CAT_RES	DISULPHIDE	NTO_DNA	NTO_LIGAND	NTO_METAL	NTO_PROTEIN	NPDB_RES	LIGANDS	METALS	PFAM_DOMAIN	PFAM_NAME	CATH_DOMAIN	CATH_NAME	RES_CONSERVATION	NCONS_SEQS	DISEASES	DISEASE_VARIANTS	NVARIANTS	NAT_VARIANTS
1	1014042	G	A	G	G	-9	-	NM_005101	No transcripts map to a Swissprot canonical isoform (but maps to other isoforms)	-,-,-,NM_005101,-	-	-	positive	aGc/aAc	-	-	-	0	0.73	2.519	0.076262	0	-	Upstream gene variant, Missense variant, Regulatory region variant	-	Upstream gene variant/Missense variant/Regulatory region variant	ENST00000458555,-,-,-,-,-,-,*,-,-,-,2.519,0.076262,Upstream gene variant,-,negative / ENST00000624652,NM_005101,ENST00000624652.1:c.38G>A,A0A096LNZ9,ENSP00000485313.1:p.Ser13Asn,13,S/N,*,ISG15,0,0.7,2.519,0.076262,Missense variant,aGc/aAc,positive / ENST00000624697,NM_005101,ENST00000624697.4:c.38G>A,A0A096LPJ4,ENSP00000485643.1:p.Ser13Asn,13,S/N,*,ISG15,0,0.72,2.519,0.076262,Missense variant,aGc/aAc,positive / ENST00000649529,NM_005101,ENST00000649529.1:c.62G>A,-,ENSP00000496832.1:p.Ser21Asn,21,S/N,*,ISG15,0,0.73,2.519,0.076262,Missense variant,aGc/aAc,positive / ENSR00000000122,NM_005101,ENST00000649529.1:c.62G>A,-,ENSP00000496832.1:p.Ser21Asn,-,-,*,ISG15,0,0.73,2.519,0.076262,Regulatory region variant,-,positive	No transcripts map to a Swissprot canonical isoform (but maps to other isoforms)	0.00131	FALSE	475283	TRUE	FALSE	FALSE	-	-	-	-	-	-	-	-	-	-	-	-	-	-	-	-	-	-	-	-	-	-	-	-	-	-	-1	0	-	-	0;0;0;0;0;0	-
1	1014122	C	T	C	C	-9	-	NM_005101	No transcripts map to a Swissprot canonical isoform (but maps to other isoforms)	-,-,-,NM_005101,-	-	-	positive	Cac/Tac	-	-	-	0.007	0.14	3.302	0.141341	0	-	Upstream gene variant, Missense variant, Regulatory region variant	-	Upstream gene variant/Missense variant/Regulatory region variant	ENST00000458555,-,-,-,-,-,-,*,-,-,-,3.302,0.141341,Upstream gene variant,-,negative / ENST00000624652,NM_005101,ENST00000624652.1:c.118C>T,A0A096LNZ9,ENSP00000485313.1:p.His40Tyr,40,H/Y,*,ISG15,0.007,0.15,3.302,0.141341,Missense variant,Cac/Tac,positive / ENST00000624697,NM_005101,ENST00000624697.4:c.118C>T,A0A096LPJ4,ENSP00000485643.1:p.His40Tyr,40,H/Y,*,ISG15,0.007,0.14,3.302,0.141341,Missense variant,Cac/Tac,positive / ENST00000649529,NM_005101,ENST00000649529.1:c.142C>T,-,ENSP00000496832.1:p.His48Tyr,48,H/Y,*,ISG15,0.007,0.14,3.302,0.141341,Missense variant,Cac/Tac,positive / ENSR00000000122,NM_005101,ENST00000649529.1:c.142C>T,-,ENSP00000496832.1:p.His48Tyr,-,-,*,ISG15,0.007,0.14,3.302,0.141341,Regulatory region variant,-,positive	No transcripts map to a Swissprot canonical isoform (but maps to other isoforms)	0.0001039	FALSE	542074	TRUE	FALSE	FALSE	-	-	-	-	-	-	-	-	-	-	-	-	-	-	-	-	-	-	-	-	-	-	-	-	-	-	-1	0	-	-	0;0;0;0;0;0	-
1	1014143	C	T	C	C	-9	-	NM_005101	No transcripts map to a Swissprot canonical isoform (but maps to other isoforms)	-,-,-,NM_005101,-	-	-	positive	Cag/Tag	-	-	-	-	-	35	5.410558	3	-	Upstream gene variant, Stop gained, Regulatory region variant	-	Upstream gene variant/Stop gained/Regulatory region variant	ENST00000458555,-,-,-,-,-,-,*,-,-,-,35,5.410558,Upstream gene variant,-,negative / ENST00000624652,NM_005101,ENST00000624652.1:c.139C>T,A0A096LNZ9,ENSP00000485313.1:p.Gln47Ter,47,Q/*,*,ISG15,-,-,35,5.410558,Stop gained,Cag/Tag,positive / ENST00000624697,NM_005101,ENST00000624697.4:c.139C>T,A0A096LPJ4,ENSP00000485643.1:p.Gln47Ter,47,Q/*,*,ISG15,-,-,35,5.410558,Stop gained,Cag/Tag,positive / ENST00000649529,NM_005101,ENST00000649529.1:c.163C>T,-,ENSP00000496832.1:p.Gln55Ter,55,Q/*,*,ISG15,-,-,35,5.410558,Stop gained,Cag/Tag,positive / ENSR00000000122,NM_005101,ENST00000649529.1:c.163C>T,-,ENSP00000496832.1:p.Gln55Ter,-,-,*,ISG15,-,-,35,5.410558,Regulatory region variant,-,positive	No transcripts map to a Swissprot canonical isoform (but maps to other isoforms)	-	FALSE	183381	TRUE	FALSE	FALSE	-	-	-	-	-	-	-	-	-	-	-	-	-	-	-	-	-	-	-	-	-	-	-	-	-	-	-1	0	-	-	0;0;0;0;0;0	-
1	1014179	C	T	C	C	-9	-	NM_005101	No transcripts map to a Swissprot canonical isoform (but maps to other isoforms)	-,-,-,NM_005101,-	-	-	positive	Ccc/Tcc	-	-	-	0.138	0.22	10.72	0.879104	0	-	Upstream gene variant, Missense variant, Regulatory region variant	-	Upstream gene variant/Missense variant/Regulatory region variant	ENST00000458555,-,-,-,-,-,-,*,-,-,-,10.72,0.879104,Upstream gene variant,-,negative / ENST00000624652,NM_005101,ENST00000624652.1:c.175C>T,A0A096LNZ9,ENSP00000485313.1:p.Pro59Ser,59,P/S,*,ISG15,0.138,0.22,10.72,0.879104,Missense variant,Ccc/Tcc,positive / ENST00000624697,NM_005101,ENST00000624697.4:c.175C>T,A0A096LPJ4,ENSP00000485643.1:p.Pro59Ser,59,P/S,*,ISG15,0.138,0.21,10.72,0.879104,Missense variant,Ccc/Tcc,positive / ENST00000649529,NM_005101,ENST00000649529.1:c.199C>T,-,ENSP00000496832.1:p.Pro67Ser,67,P/S,*,ISG15,0.138,0.22,10.72,0.879104,Missense variant,Ccc/Tcc,positive / ENSR00000000122,NM_005101,ENST00000649529.1:c.199C>T,-,ENSP00000496832.1:p.Pro67Ser,-,-,*,ISG15,0.138,0.22,10.72,0.879104,Regulatory region variant,-,positive	No transcripts map to a Swissprot canonical isoform (but maps to other isoforms)	-	FALSE	542075	TRUE	FALSE	FALSE	-	-	-	-	-	-	-	-	-	-	-	-	-	-	-	-	-	-	-	-	-	-	-	-	-	-	-1	0	-	-	0;0;0;0;0;0	-
1	1014217	C	T	C	C	-9	-	NM_005101	No transcripts map to a Swissprot canonical isoform (but maps to other isoforms)	-,-,-,NM_005101,-	-	-	positive	gaC/gaT	-	-	-	-	-	0.276	-0.293246	0	-	Upstream gene variant, Synonymous variant, Regulatory region variant	-	Upstream gene variant/Synonymous variant/Regulatory region variant	ENST00000458555,-,-,-,-,-,-,*,-,-,-,0.276,-0.293246,Upstream gene variant,-,negative / ENST00000624652,NM_005101,ENST00000624652.1:c.213C>T,A0A096LNZ9,ENSP00000485313.1:p.Asp71%3D,71,D,*,ISG15,-,-,0.276,-0.293246,Synonymous variant,gaC/gaT,positive / ENST00000624697,NM_005101,ENST00000624697.4:c.213C>T,A0A096LPJ4,ENSP00000485643.1:p.Asp71%3D,71,D,*,ISG15,-,-,0.276,-0.293246,Synonymous variant,gaC/gaT,positive / ENST00000649529,NM_005101,ENST00000649529.1:c.237C>T,-,ENSP00000496832.1:p.Asp79%3D,79,D,*,ISG15,-,-,0.276,-0.293246,Synonymous variant,gaC/gaT,positive / ENSR00000000122,NM_005101,ENST00000649529.1:c.237C>T,-,ENSP00000496832.1:p.Asp79%3D,-,-,*,ISG15,-,-,0.276,-0.293246,Regulatory region variant,-,positive	No transcripts map to a Swissprot canonical isoform (but maps to other isoforms)	0.008518	FALSE	475278	TRUE	FALSE	FALSE	-	-	-	-	-	-	-	-	-	-	-	-	-	-	-	-	-	-	-	-	-	-	-	-	-	-	-1	0	-	-	0;0;0;0;0;0	-
1	1014228	G	A	G	G	-9	-	NM_005101	No transcripts map to a Swissprot canonical isoform (but maps to other isoforms)	-,-,-,NM_005101,-	-	-	positive	aGc/aAc	-	-	-	0.003	0.38	5.397	0.308517	0	-	Upstream gene variant, Missense variant, Regulatory region variant	-	Upstream gene variant/Missense variant/Regulatory region variant	ENST00000458555,-,-,-,-,-,-,*,-,-,-,5.397,0.308517,Upstream gene variant,-,negative / ENST00000624652,NM_005101,ENST00000624652.1:c.224G>A,A0A096LNZ9,ENSP00000485313.1:p.Ser75Asn,75,S/N,*,ISG15,0.003,0.36,5.397,0.308517,Missense variant,aGc/aAc,positive / ENST00000624697,NM_005101,ENST00000624697.4:c.224G>A,A0A096LPJ4,ENSP00000485643.1:p.Ser75Asn,75,S/N,*,ISG15,0.003,0.39,5.397,0.308517,Missense variant,aGc/aAc,positive / ENST00000649529,NM_005101,ENST00000649529.1:c.248G>A,-,ENSP00000496832.1:p.Ser83Asn,83,S/N,*,ISG15,0.003,0.38,5.397,0.308517,Missense variant,aGc/aAc,positive / ENSR00000000122,NM_005101,ENST00000649529.1:c.248G>A,-,ENSP00000496832.1:p.Ser83Asn,-,-,*,ISG15,0.003,0.38,5.397,0.308517,Regulatory region variant,-,positive	No transcripts map to a Swissprot canonical isoform (but maps to other isoforms)	0.3593	FALSE	402986	TRUE	FALSE	FALSE	-	-	-	-	-	-	-	-	-	-	-	-	-	-	-	-	-	-	-	-	-	-	-	-	-	-	-1	0	-	-	0;0;0;0;0;0	-
1	1014255	G	A	G	G	-9	-	NM_005101	No transcripts map to a Swissprot canonical isoform (but maps to other isoforms)	-,-,-,NM_005101,-	-	-	positive	cGc/cAc	-	-	-	0.115	0.13	11.83	0.974411	0	-	Upstream gene variant, Missense variant, Regulatory region variant	-	Upstream gene variant/Missense variant/Regulatory region variant	ENST00000458555,-,-,-,-,-,-,*,-,-,-,11.83,0.974411,Upstream gene variant,-,negative / ENST00000624652,NM_005101,ENST00000624652.1:c.251G>A,A0A096LNZ9,ENSP00000485313.1:p.Arg84His,84,R/H,*,ISG15,0.115,0.14,11.83,0.974411,Missense variant,cGc/cAc,positive / ENST00000624697,NM_005101,ENST00000624697.4:c.251G>A,A0A096LPJ4,ENSP00000485643.1:p.Arg84His,84,R/H,*,ISG15,0.115,0.14,11.83,0.974411,Missense variant,cGc/cAc,positive / ENST00000649529,NM_005101,ENST00000649529.1:c.275G>A,-,ENSP00000496832.1:p.Arg92His,92,R/H,*,ISG15,0.115,0.13,11.83,0.974411,Missense variant,cGc/cAc,positive / ENSR00000000122,NM_005101,ENST00000649529.1:c.275G>A,-,ENSP00000496832.1:p.Arg92His,-,-,*,ISG15,0.115,0.13,11.83,0.974411,Regulatory region variant,-,positive	No transcripts map to a Swissprot canonical isoform (but maps to other isoforms)	3.596e-05	FALSE	571208	TRUE	FALSE	FALSE	-	-	-	-	-	-	-	-	-	-	-	-	-	-	-	-	-	-	-	-	-	-	-	-	-	-	-1	0	-	-	0;0;0;0;0;0	-
1	1014276	G	A	G	G	-9	-	NM_005101	No transcripts map to a Swissprot canonical isoform (but maps to other isoforms)	-,-,-,NM_005101,-	-	-	positive	cGg/cAg	-	-	-	0.001	0.87	0.014	-0.665854	0	-	Upstream gene variant, Missense variant, Regulatory region variant	-	Upstream gene variant/Missense variant/Regulatory region variant	ENST00000458555,-,-,-,-,-,-,*,-,-,-,0.014,-0.665854,Upstream gene variant,-,negative / ENST00000624652,NM_005101,ENST00000624652.1:c.272G>A,A0A096LNZ9,ENSP00000485313.1:p.Arg91Gln,91,R/Q,*,ISG15,0.001,0.61,0.014,-0.665854,Missense variant,cGg/cAg,positive / ENST00000624697,NM_005101,ENST00000624697.4:c.272G>A,A0A096LPJ4,ENSP00000485643.1:p.Arg91Gln,91,R/Q,*,ISG15,0.001,0.68,0.014,-0.665854,Missense variant,cGg/cAg,positive / ENST00000649529,NM_005101,ENST00000649529.1:c.296G>A,-,ENSP00000496832.1:p.Arg99Gln,99,R/Q,*,ISG15,0.001,0.87,0.014,-0.665854,Missense variant,cGg/cAg,positive / ENSR00000000122,NM_005101,ENST00000649529.1:c.296G>A,-,ENSP00000496832.1:p.Arg99Gln,-,-,*,ISG15,0.001,0.87,0.014,-0.665854,Regulatory region variant,-,positive	No transcripts map to a Swissprot canonical isoform (but maps to other isoforms)	5.991e-05	FALSE	568195	TRUE	FALSE	FALSE	-	-	-	-	-	-	-	-	-	-	-	-	-	-	-	-	-	-	-	-	-	-	-	-	-	-	-1	0	-	-	0;0;0;0;0;0	-
1	1014359	G	T	G	G	-9	-	NM_005101	No transcripts map to a Swissprot canonical isoform (but maps to other isoforms)	-,-,-,NM_005101,-	-	-	positive	Gag/Tag	-	-	-	-	-	35	6.285390	3	-	Upstream gene variant, Stop gained, Regulatory region variant	-	Upstream gene variant/Stop gained/Regulatory region variant	ENST00000458555,-,-,-,-,-,-,*,-,-,-,35,6.285390,Upstream gene variant,-,negative / ENST00000624652,NM_005101,ENST00000624652.1:c.355G>T,A0A096LNZ9,ENSP00000485313.1:p.Glu119Ter,119,E/*,*,ISG15,-,-,35,6.285390,Stop gained,Gag/Tag,positive / ENST00000624697,NM_005101,ENST00000624697.4:c.355G>T,A0A096LPJ4,ENSP00000485643.1:p.Glu119Ter,119,E/*,*,ISG15,-,-,35,6.285390,Stop gained,Gag/Tag,positive / ENST00000649529,NM_005101,ENST00000649529.1:c.379G>T,-,ENSP00000496832.1:p.Glu127Ter,127,E/*,*,ISG15,-,-,35,6.285390,Stop gained,Gag/Tag,positive / ENSR00000000122,NM_005101,ENST00000649529.1:c.379G>T,-,ENSP00000496832.1:p.Glu127Ter,-,-,*,ISG15,-,-,35,6.285390,Regulatory region variant,-,positive	No transcripts map to a Swissprot canonical isoform (but maps to other isoforms)	7.983e-06	FALSE	161454	TRUE	FALSE	FALSE	-	-	-	-	-	-	-	-	-	-	-	-	-	-	-	-	-	-	-	-	-	-	-	-	-	-	-1	0	-	-	0;0;0;0;0;0	-
